{
  "Thin Strokes" : 4,
  "Working Directory" : "\/Users\/artlogic",
  "Prompt Before Closing 2" : false,
  "Selected Text Color" : {
    "Red Component" : 0.94901960784313999,
    "Color Space" : "sRGB",
    "Blue Component" : 0.97254901960784002,
    "Green Component" : 0.95686274509804004
  },
  "Rows" : 25,
  "Ansi 11 Color" : {
    "Red Component" : 0.17647058823528999,
    "Color Space" : "sRGB",
    "Blue Component" : 0.76862745098038998,
    "Green Component" : 0.78039215686274999
  },
  "Use Italic Font" : true,
  "Foreground Color" : {
    "Red Component" : 0.94901960784313999,
    "Color Space" : "sRGB",
    "Blue Component" : 0.97254901960784002,
    "Green Component" : 0.95686274509804004
  },
  "Right Option Key Sends" : 0,
  "Character Encoding" : 4,
  "Selection Color" : {
    "Red Component" : 0.16470588235294001,
    "Color Space" : "sRGB",
    "Blue Component" : 0.16470588235294001,
    "Green Component" : 0.16470588235294001
  },
  "Blend" : 0,
  "Mouse Reporting" : true,
  "Cursor Boost" : 0,
  "Ansi 4 Color" : {
    "Red Component" : 0.47058823529412003,
    "Color Space" : "sRGB",
    "Blue Component" : 1,
    "Green Component" : 0.66274509803921999
  },
  "Non-ASCII Anti Aliased" : true,
  "Sync Title" : false,
  "Disable Window Resizing" : true,
  "Description" : "Default",
  "Close Sessions On End" : 1,
  "Jobs to Ignore" : [
    "rlogin",
    "ssh",
    "slogin",
    "telnet"
  ],
  "Scrollback Lines" : 1000,
  "Draw Powerline Glyphs" : true,
  "Flashing Bell" : false,
  "Cursor Guide Color" : {
    "Red Component" : 0.74862593412399292,
    "Color Space" : "P3",
    "Blue Component" : 0.99125725030899048,
    "Alpha Component" : 0.25,
    "Green Component" : 0.92047786712646484
  },
  "BM Growl" : true,
  "Ansi 3 Color" : {
    "Red Component" : 0.031372549019608002,
    "Color Space" : "sRGB",
    "Blue Component" : 0.72941176470587998,
    "Green Component" : 0.74117647058823999
  },
  "Icon" : 1,
  "Use Non-ASCII Font" : false,
  "Link Color" : {
    "Red Component" : 0.14513972401618958,
    "Color Space" : "P3",
    "Blue Component" : 0.7093239426612854,
    "Alpha Component" : 1,
    "Green Component" : 0.35333043336868286
  },
  "Shortcut" : "9",
  "Bold Color" : {
    "Red Component" : 0.94901960784313999,
    "Color Space" : "sRGB",
    "Blue Component" : 0.97254901960784002,
    "Green Component" : 0.95686274509804004
  },
  "Use Cursor Guide" : false,
  "Unlimited Scrollback" : false,
  "Custom Command" : "No",
  "Title Components" : 576,
  "Keyboard Map" : {
    "0xf704-0x20000" : {
      "Action" : 10,
      "Text" : "[1;2P"
    },
    "0xf700-0x260000" : {
      "Action" : 10,
      "Text" : "[1;6A"
    },
    "0x37-0x40000" : {
      "Action" : 11,
      "Text" : "0x1f"
    },
    "0x32-0x40000" : {
      "Action" : 11,
      "Text" : "0x00"
    },
    "0xf709-0x20000" : {
      "Action" : 10,
      "Text" : "[17;2~"
    },
    "0xf70c-0x20000" : {
      "Action" : 10,
      "Text" : "[20;2~"
    },
    "0xf729-0x20000" : {
      "Action" : 10,
      "Text" : "[1;2H"
    },
    "0xf711-0x40000" : {
      "Action" : 10,
      "Text" : "[26;5~"
    },
    "0xf72b-0x40000" : {
      "Action" : 10,
      "Text" : "[1;5F"
    },
    "0xf703-0x260000" : {
      "Action" : 10,
      "Text" : "[1;6C"
    },
    "0xf700-0x220000" : {
      "Action" : 10,
      "Text" : "[1;2A"
    },
    "0xf705-0x20000" : {
      "Action" : 10,
      "Text" : "[1;2Q"
    },
    "0xf708-0x40000" : {
      "Action" : 10,
      "Text" : "[15;5~"
    },
    "0xf70b-0x40000" : {
      "Action" : 10,
      "Text" : "[19;5~"
    },
    "0x38-0x40000" : {
      "Action" : 11,
      "Text" : "0x7f"
    },
    "0x33-0x40000" : {
      "Action" : 11,
      "Text" : "0x1b"
    },
    "0xf712-0x40000" : {
      "Action" : 10,
      "Text" : "[28;5~"
    },
    "0xf704-0x40000" : {
      "Action" : 10,
      "Text" : "[1;5P"
    },
    "0xf703-0x220000" : {
      "Action" : 10,
      "Text" : "[1;2C"
    },
    "0xf709-0x40000" : {
      "Action" : 10,
      "Text" : "[17;5~"
    },
    "0xf701-0x240000" : {
      "Action" : 10,
      "Text" : "[1;5B"
    },
    "0xf70d-0x20000" : {
      "Action" : 10,
      "Text" : "[21;2~"
    },
    "0xf702-0x260000" : {
      "Action" : 10,
      "Text" : "[1;6D"
    },
    "0xf70c-0x40000" : {
      "Action" : 10,
      "Text" : "[20;5~"
    },
    "0xf729-0x40000" : {
      "Action" : 10,
      "Text" : "[1;5H"
    },
    "0xf706-0x20000" : {
      "Action" : 10,
      "Text" : "[1;2R"
    },
    "0x34-0x40000" : {
      "Action" : 11,
      "Text" : "0x1c"
    },
    "0xf705-0x40000" : {
      "Action" : 10,
      "Text" : "[1;5Q"
    },
    "0x2d-0x40000" : {
      "Action" : 11,
      "Text" : "0x1f"
    },
    "0xf70e-0x20000" : {
      "Action" : 10,
      "Text" : "[23;2~"
    },
    "0xf702-0x220000" : {
      "Action" : 10,
      "Text" : "[1;2D"
    },
    "0xf707-0x20000" : {
      "Action" : 10,
      "Text" : "[1;2S"
    },
    "0xf700-0x240000" : {
      "Action" : 10,
      "Text" : "[1;5A"
    },
    "0xf70a-0x20000" : {
      "Action" : 10,
      "Text" : "[18;2~"
    },
    "0x35-0x40000" : {
      "Action" : 11,
      "Text" : "0x1d"
    },
    "0xf70d-0x40000" : {
      "Action" : 10,
      "Text" : "[21;5~"
    },
    "0xf70f-0x20000" : {
      "Action" : 10,
      "Text" : "[24;2~"
    },
    "0xf703-0x240000" : {
      "Action" : 10,
      "Text" : "[1;5C"
    },
    "0xf706-0x40000" : {
      "Action" : 10,
      "Text" : "[1;5R"
    },
    "0xf701-0x260000" : {
      "Action" : 10,
      "Text" : "[1;6B"
    },
    "0xf70e-0x40000" : {
      "Action" : 10,
      "Text" : "[23;5~"
    },
    "0x36-0x40000" : {
      "Action" : 11,
      "Text" : "0x1e"
    },
    "0xf710-0x40000" : {
      "Action" : 10,
      "Text" : "[25;5~"
    },
    "0xf72b-0x20000" : {
      "Action" : 10,
      "Text" : "[1;2F"
    },
    "0xf707-0x40000" : {
      "Action" : 10,
      "Text" : "[1;5S"
    },
    "0xf708-0x20000" : {
      "Action" : 10,
      "Text" : "[15;2~"
    },
    "0xf701-0x220000" : {
      "Action" : 10,
      "Text" : "[1;2B"
    },
    "0xf70a-0x40000" : {
      "Action" : 10,
      "Text" : "[18;5~"
    },
    "0xf70b-0x20000" : {
      "Action" : 10,
      "Text" : "[19;2~"
    },
    "0xf702-0x240000" : {
      "Action" : 10,
      "Text" : "[1;5D"
    },
    "0xf70f-0x40000" : {
      "Action" : 10,
      "Text" : "[24;5~"
    }
  },
  "Ansi 14 Color" : {
    "Red Component" : 0.32156862745098003,
    "Color Space" : "sRGB",
    "Blue Component" : 1,
    "Green Component" : 0.74117647058823999
  },
  "Ansi 2 Color" : {
    "Red Component" : 0.14509803921569001,
    "Color Space" : "sRGB",
    "Blue Component" : 0.4156862745098,
    "Green Component" : 0.74509803921568996
  },
  "Send Code When Idle" : false,
  "ASCII Anti Aliased" : true,
  "Tags" : [
    "personal"
  ],
  "Ansi 9 Color" : {
    "Red Component" : 0.94509803921569002,
    "Color Space" : "sRGB",
    "Blue Component" : 0.65098039215685999,
    "Green Component" : 0.42745098039216001
  },
  "Use Bold Font" : true,
  "Silence Bell" : false,
  "Ansi 12 Color" : {
    "Red Component" : 0.54901960784313997,
    "Color Space" : "sRGB",
    "Blue Component" : 1,
    "Green Component" : 0.71372549019608
  },
  "Window Type" : 0,
  "Use Bright Bold" : true,
  "Cursor Text Color" : {
    "Red Component" : 0.086274509803921998,
    "Color Space" : "sRGB",
    "Blue Component" : 0.086274509803921998,
    "Green Component" : 0.086274509803921998
  },
  "Default Bookmark" : "No",
  "Cursor Color" : {
    "Red Component" : 0.94901960784313999,
    "Color Space" : "sRGB",
    "Blue Component" : 0.97254901960784002,
    "Green Component" : 0.95686274509804004
  },
  "Ansi 1 Color" : {
    "Red Component" : 0.93333333333333002,
    "Color Space" : "sRGB",
    "Blue Component" : 0.58823529411764996,
    "Green Component" : 0.32549019607842999
  },
  "Name" : "chaCon",
  "Blinking Cursor" : false,